Platoon Member, Time stamp, Velocity, Displacement, Acceleration, Target Velocity, Target Displacement, Target Acceleration
VOne,459,894,7878,4213,43,123,9
VOne,459,894,7878,4213,43,123,10
Platoon Member, Time stamp, Velocity, Displacement, Acceleration, Target Velocity, Target Displacement, Target Acceleration
Platoon Member, Time stamp, Velocity, Displacement, Acceleration, Target Velocity, Target Displacement, Target Acceleration
Platoon Member, Time stamp, Velocity, Displacement, Acceleration, Target Velocity, Target Displacement, Target Acceleration
Platoon Member, Time stamp, Velocity, Displacement, Acceleration, Target Velocity, Target Displacement, Target Acceleration
Platoon Member, Time stamp, Velocity, Displacement, Acceleration, Target Velocity, Target Displacement, Target Acceleration
Platoon Member, Time stamp, Velocity, Displacement, Acceleration, Target Velocity, Target Displacement, Target Acceleration
Platoon Member, Time stamp, Velocity, Displacement, Acceleration, Target Velocity, Target Displacement, Target Acceleration
Platoon Member, Time stamp, Velocity, Displacement, Acceleration, Target Velocity, Target Displacement, Target Acceleration
Platoon Member, Time stamp, Velocity, Displacement, Acceleration, Target Velocity, Target Displacement, Target Acceleration
Platoon Member, Time stamp, Velocity, Displacement, Acceleration, Target Velocity, Target Displacement, Target Acceleration
Platoon Member, Time stamp, Velocity, Displacement, Acceleration, Target Velocity, Target Displacement, Target Acceleration
Platoon Member, Time stamp, Velocity, Displacement, Acceleration, Target Velocity, Target Displacement, Target Acceleration
Platoon Member, Time stamp, Velocity, Displacement, Acceleration, Target Velocity, Target Displacement, Target Acceleration
Platoon Member, Time stamp, Velocity, Displacement, Acceleration, Target Velocity, Target Displacement, Target Acceleration
Platoon Member, Time stamp, Velocity, Displacement, Acceleration, Target Velocity, Target Displacement, Target Acceleration
Platoon Member, Time stamp, Velocity, Displacement, Acceleration, Target Velocity, Target Displacement, Target Acceleration
Platoon Member, Time stamp, Velocity, Displacement, Acceleration, Target Velocity, Target Displacement, Target Acceleration
Platoon Member, Time stamp, Velocity, Displacement, Acceleration, Target Velocity, Target Displacement, Target Acceleration
Platoon Member, Time stamp, Velocity, Displacement, Acceleration, Target Velocity, Target Displacement, Target Acceleration
Platoon Member, Time stamp, Velocity, Displacement, Acceleration, Target Velocity, Target Displacement, Target Acceleration
Platoon Member, Time stamp, Velocity, Displacement, Acceleration, Target Velocity, Target Displacement, Target Acceleration
Platoon Member, Time stamp, Velocity, Displacement, Acceleration, Target Velocity, Target Displacement, Target Acceleration
Platoon Member, Time stamp, Velocity, Displacement, Acceleration, Target Velocity, Target Displacement, Target Acceleration
Platoon Member, Time stamp, Velocity, Displacement, Acceleration, Target Velocity, Target Displacement, Target Acceleration
Platoon Member, Time stamp, Velocity, Displacement, Acceleration, Target Velocity, Target Displacement, Target Acceleration
Platoon Member, Time stamp, Velocity, Displacement, Acceleration, Target Velocity, Target Displacement, Target Acceleration
